indice_tiempo,region_de_destino,origen_visitantes,visitas,observaciones
2008-1-01,patagonia,no residentes,141973,
2008-1-01,patagonia,residentes,230087,
2008-1-01,patagonia,total,372060,
2008-10-01,patagonia,no residentes,49646,
2008-10-01,patagonia,residentes,58817,
2008-10-01,patagonia,total,108463,
2008-11-01,patagonia,no residentes,81111,
2008-11-01,patagonia,residentes,51951,
2008-11-01,patagonia,total,133062,
2008-12-01,patagonia,no residentes,75286,
2008-12-01,patagonia,residentes,78864,
2008-12-01,patagonia,total,154150,
2008-2-01,patagonia,no residentes,96632,
2008-2-01,patagonia,residentes,186291,
2008-2-01,patagonia,total,282923,
2008-3-01,patagonia,no residentes,91382,
2008-3-01,patagonia,residentes,98317,
2008-3-01,patagonia,total,189699,
2008-4-01,patagonia,no residentes,36759,
2008-4-01,patagonia,residentes,31121,
2008-4-01,patagonia,total,67879,
2008-5-01,patagonia,no residentes,13038,
2008-5-01,patagonia,residentes,11169,
2008-5-01,patagonia,total,24206,
2008-6-01,patagonia,no residentes,10322,
2008-6-01,patagonia,residentes,9850,
2008-6-01,patagonia,total,20172,
2008-7-01,patagonia,no residentes,21411,
2008-7-01,patagonia,residentes,22338,
2008-7-01,patagonia,total,43750,
2008-8-01,patagonia,no residentes,24175,
2008-8-01,patagonia,residentes,20928,
2008-8-01,patagonia,total,45104,
2008-9-01,patagonia,no residentes,32492,
2008-9-01,patagonia,residentes,33363,
2008-9-01,patagonia,total,65855,
2009-1-01,patagonia,no residentes,71266,
2009-1-01,patagonia,residentes,263235,
2009-1-01,patagonia,total,334501,
2009-10-01,patagonia,no residentes,37797,
2009-10-01,patagonia,residentes,57456,
2009-10-01,patagonia,total,95252,
2009-11-01,patagonia,no residentes,70883,
2009-11-01,patagonia,residentes,59744,
2009-11-01,patagonia,total,130626,
2009-12-01,patagonia,no residentes,71933,
2009-12-01,patagonia,residentes,73597,
2009-12-01,patagonia,total,145530,
2009-2-01,patagonia,no residentes,66524,
2009-2-01,patagonia,residentes,181933,
2009-2-01,patagonia,total,248457,
2009-3-01,patagonia,no residentes,47894,
2009-3-01,patagonia,residentes,83830,
2009-3-01,patagonia,total,131724,
2009-4-01,patagonia,no residentes,27484,
2009-4-01,patagonia,residentes,61618,
2009-4-01,patagonia,total,89102,
2009-5-01,patagonia,no residentes,8715,
2009-5-01,patagonia,residentes,27412,
2009-5-01,patagonia,total,36127,
2009-6-01,patagonia,no residentes,5847,
2009-6-01,patagonia,residentes,20592,
2009-6-01,patagonia,total,26439,
2009-7-01,patagonia,no residentes,10185,
2009-7-01,patagonia,residentes,32977,
2009-7-01,patagonia,total,43163,
2009-8-01,patagonia,no residentes,11410,
2009-8-01,patagonia,residentes,16341,
2009-8-01,patagonia,total,27751,
2009-9-01,patagonia,no residentes,17117,
2009-9-01,patagonia,residentes,42157,
2009-9-01,patagonia,total,59274,
2010-1-01,patagonia,no residentes,90354,
2010-1-01,patagonia,residentes,312426,
2010-1-01,patagonia,total,402780,
2010-10-01,patagonia,no residentes,37858,
2010-10-01,patagonia,residentes,73014,
2010-10-01,patagonia,total,110872,
2010-11-01,patagonia,no residentes,64442,
2010-11-01,patagonia,residentes,82485,
2010-11-01,patagonia,total,146927,
2010-12-01,patagonia,no residentes,71087,
2010-12-01,patagonia,residentes,81163,
2010-12-01,patagonia,total,152250,
2010-2-01,patagonia,no residentes,81190,
2010-2-01,patagonia,residentes,195422,
2010-2-01,patagonia,total,276611,
2010-3-01,patagonia,no residentes,54574,
2010-3-01,patagonia,residentes,107332,
2010-3-01,patagonia,total,161906,
2010-4-01,patagonia,no residentes,24456,
2010-4-01,patagonia,residentes,76541,
2010-4-01,patagonia,total,100997,
2010-5-01,patagonia,no residentes,12245,
2010-5-01,patagonia,residentes,34645,
2010-5-01,patagonia,total,46890,
2010-6-01,patagonia,no residentes,8404,
2010-6-01,patagonia,residentes,17901,
2010-6-01,patagonia,total,26305,
2010-7-01,patagonia,no residentes,11347,
2010-7-01,patagonia,residentes,37685,
2010-7-01,patagonia,total,49033,
2010-8-01,patagonia,no residentes,15136,
2010-8-01,patagonia,residentes,25864,
2010-8-01,patagonia,total,41000,
2010-9-01,patagonia,no residentes,21874,
2010-9-01,patagonia,residentes,40562,
2010-9-01,patagonia,total,62437,
2011-1-01,patagonia,no residentes,94241,
2011-1-01,patagonia,residentes,325464,
2011-1-01,patagonia,total,419705,
2011-10-01,patagonia,no residentes,38158,
2011-10-01,patagonia,residentes,63490,
2011-10-01,patagonia,total,101648,
2011-11-01,patagonia,no residentes,71086,
2011-11-01,patagonia,residentes,54241,
2011-11-01,patagonia,total,125327,
2011-12-01,patagonia,no residentes,63736,
2011-12-01,patagonia,residentes,86950,
2011-12-01,patagonia,total,150686,
2011-2-01,patagonia,no residentes,103185,
2011-2-01,patagonia,residentes,172672,
2011-2-01,patagonia,total,275857,
2011-3-01,patagonia,no residentes,66683,
2011-3-01,patagonia,residentes,101399,
2011-3-01,patagonia,total,168082,
2011-4-01,patagonia,no residentes,29676,
2011-4-01,patagonia,residentes,53649,
2011-4-01,patagonia,total,83325,
2011-5-01,patagonia,no residentes,9887,
2011-5-01,patagonia,residentes,24208,
2011-5-01,patagonia,total,34095,
2011-6-01,patagonia,no residentes,2262,
2011-6-01,patagonia,residentes,7543,
2011-6-01,patagonia,total,9804,
2011-7-01,patagonia,no residentes,6522,
2011-7-01,patagonia,residentes,24205,
2011-7-01,patagonia,total,30727,
2011-8-01,patagonia,no residentes,8979,
2011-8-01,patagonia,residentes,19677,
2011-8-01,patagonia,total,28655,
2011-9-01,patagonia,no residentes,17612,
2011-9-01,patagonia,residentes,35097,
2011-9-01,patagonia,total,52709,
2012-1-01,patagonia,no residentes,91528,
2012-1-01,patagonia,residentes,281100,
2012-1-01,patagonia,total,372628,
2012-10-01,patagonia,no residentes,30194,
2012-10-01,patagonia,residentes,67427,
2012-10-01,patagonia,total,97622,
2012-11-01,patagonia,no residentes,62204,
2012-11-01,patagonia,residentes,80296,
2012-11-01,patagonia,total,142500,
2012-12-01,patagonia,no residentes,60986,
2012-12-01,patagonia,residentes,70489,
2012-12-01,patagonia,total,131475,
2012-2-01,patagonia,no residentes,71409,
2012-2-01,patagonia,residentes,168339,
2012-2-01,patagonia,total,239748,
2012-3-01,patagonia,no residentes,49560,
2012-3-01,patagonia,residentes,78368,
2012-3-01,patagonia,total,127928,
2012-4-01,patagonia,no residentes,22351,
2012-4-01,patagonia,residentes,75347,
2012-4-01,patagonia,total,97699,
2012-5-01,patagonia,no residentes,8185,
2012-5-01,patagonia,residentes,22363,
2012-5-01,patagonia,total,30549,
2012-6-01,patagonia,no residentes,7774,
2012-6-01,patagonia,residentes,18776,
2012-6-01,patagonia,total,26550,
2012-7-01,patagonia,no residentes,12279,
2012-7-01,patagonia,residentes,42923,
2012-7-01,patagonia,total,55202,
2012-8-01,patagonia,no residentes,12814,
2012-8-01,patagonia,residentes,30623,
2012-8-01,patagonia,total,43437,
2012-9-01,patagonia,no residentes,17684,
2012-9-01,patagonia,residentes,52541,
2012-9-01,patagonia,total,70226,
2013-1-01,patagonia,no residentes,79716,
2013-1-01,patagonia,residentes,430226,
2013-1-01,patagonia,total,509942,
2013-10-01,patagonia,no residentes,30238,
2013-10-01,patagonia,residentes,78983,
2013-10-01,patagonia,total,109220,
2013-11-01,patagonia,no residentes,62877,
2013-11-01,patagonia,residentes,79002,
2013-11-01,patagonia,total,141879,
2013-12-01,patagonia,no residentes,68857,
2013-12-01,patagonia,residentes,86334,
2013-12-01,patagonia,total,155191,
2013-2-01,patagonia,no residentes,72314,
2013-2-01,patagonia,residentes,244016,
2013-2-01,patagonia,total,316330,
2013-3-01,patagonia,no residentes,48949,
2013-3-01,patagonia,residentes,141091,
2013-3-01,patagonia,total,190040,
2013-4-01,patagonia,no residentes,23007,
2013-4-01,patagonia,residentes,65954,
2013-4-01,patagonia,total,88961,
2013-5-01,patagonia,no residentes,10935,
2013-5-01,patagonia,residentes,23409,
2013-5-01,patagonia,total,34343,
2013-6-01,patagonia,no residentes,10373,
2013-6-01,patagonia,residentes,24583,
2013-6-01,patagonia,total,34956,
2013-7-01,patagonia,no residentes,18284,
2013-7-01,patagonia,residentes,54505,
2013-7-01,patagonia,total,72790,
2013-8-01,patagonia,no residentes,16315,
2013-8-01,patagonia,residentes,36763,
2013-8-01,patagonia,total,53078,
2013-9-01,patagonia,no residentes,21338,
2013-9-01,patagonia,residentes,57927,
2013-9-01,patagonia,total,79265,
2014-1-01,patagonia,no residentes,89789,
2014-1-01,patagonia,residentes,381260,
2014-1-01,patagonia,total,471049,
2014-10-01,patagonia,no residentes,37627,
2014-10-01,patagonia,residentes,105774,
2014-10-01,patagonia,total,143401,
2014-11-01,patagonia,no residentes,71986,
2014-11-01,patagonia,residentes,94929,
2014-11-01,patagonia,total,166916,
2014-12-01,patagonia,no residentes,77709,
2014-12-01,patagonia,residentes,104009,
2014-12-01,patagonia,total,181718,
2014-2-01,patagonia,no residentes,85348,
2014-2-01,patagonia,residentes,246034,
2014-2-01,patagonia,total,331382,
2014-3-01,patagonia,no residentes,52632,
2014-3-01,patagonia,residentes,151113,
2014-3-01,patagonia,total,203745,
2014-4-01,patagonia,no residentes,30307,
2014-4-01,patagonia,residentes,83758,
2014-4-01,patagonia,total,114065,
2014-5-01,patagonia,no residentes,14116,
2014-5-01,patagonia,residentes,45321,
2014-5-01,patagonia,total,59437,
2014-6-01,patagonia,no residentes,10181,
2014-6-01,patagonia,residentes,29854,
2014-6-01,patagonia,total,40035,
2014-7-01,patagonia,no residentes,16733,
2014-7-01,patagonia,residentes,61473,
2014-7-01,patagonia,total,78206,
2014-8-01,patagonia,no residentes,17645,
2014-8-01,patagonia,residentes,48369,
2014-8-01,patagonia,total,66014,
2014-9-01,patagonia,no residentes,25111,
2014-9-01,patagonia,residentes,67414,
2014-9-01,patagonia,total,92525,
2015-1-01,patagonia,no residentes,91969,
2015-1-01,patagonia,residentes,390404,
2015-1-01,patagonia,total,482373,
2015-10-01,patagonia,no residentes,33600,
2015-10-01,patagonia,residentes,103417,
2015-10-01,patagonia,total,137017,
2015-11-01,patagonia,no residentes,65354,
2015-11-01,patagonia,residentes,88439,
2015-11-01,patagonia,total,153793,
2015-12-01,patagonia,no residentes,67776,
2015-12-01,patagonia,residentes,98776,
2015-12-01,patagonia,total,166552,
2015-2-01,patagonia,no residentes,81670,
2015-2-01,patagonia,residentes,250728,
2015-2-01,patagonia,total,332398,
2015-3-01,patagonia,no residentes,53142,
2015-3-01,patagonia,residentes,128103,
2015-3-01,patagonia,total,181245,
2015-4-01,patagonia,no residentes,24473,
2015-4-01,patagonia,residentes,81064,
2015-4-01,patagonia,total,105538,
2015-5-01,patagonia,no residentes,11281,
2015-5-01,patagonia,residentes,33925,
2015-5-01,patagonia,total,45206,
2015-6-01,patagonia,no residentes,7917,
2015-6-01,patagonia,residentes,23846,
2015-6-01,patagonia,total,31762,
2015-7-01,patagonia,no residentes,11387,
2015-7-01,patagonia,residentes,63043,
2015-7-01,patagonia,total,74431,
2015-8-01,patagonia,no residentes,11413,
2015-8-01,patagonia,residentes,49695,
2015-8-01,patagonia,total,61109,
2015-9-01,patagonia,no residentes,17434,
2015-9-01,patagonia,residentes,69550,
2015-9-01,patagonia,total,86984,
2016-1-01,patagonia,no residentes,79306,
2016-1-01,patagonia,residentes,355693,
2016-1-01,patagonia,total,434999,
2016-10-01,patagonia,no residentes,39989,
2016-10-01,patagonia,residentes,103646,
2016-10-01,patagonia,total,143635,
2016-11-01,patagonia,no residentes,78391,
2016-11-01,patagonia,residentes,83961,
2016-11-01,patagonia,total,162352,
2016-12-01,patagonia,no residentes,79457,
2016-12-01,patagonia,residentes,117072,
2016-12-01,patagonia,total,196529,
2016-2-01,patagonia,no residentes,77924,
2016-2-01,patagonia,residentes,231623,
2016-2-01,patagonia,total,309547,
2016-3-01,patagonia,no residentes,56800,
2016-3-01,patagonia,residentes,147119,
2016-3-01,patagonia,total,203920,
2016-4-01,patagonia,no residentes,22583,
2016-4-01,patagonia,residentes,68403,
2016-4-01,patagonia,total,90985,
2016-5-01,patagonia,no residentes,11552,
2016-5-01,patagonia,residentes,33336,
2016-5-01,patagonia,total,44888,
2016-6-01,patagonia,no residentes,10325,
2016-6-01,patagonia,residentes,32023,
2016-6-01,patagonia,total,42348,
2016-7-01,patagonia,no residentes,12578,
2016-7-01,patagonia,residentes,73824,
2016-7-01,patagonia,total,86402,
2016-8-01,patagonia,no residentes,12924,
2016-8-01,patagonia,residentes,49716,
2016-8-01,patagonia,total,62640,
2016-9-01,patagonia,no residentes,17338,
2016-9-01,patagonia,residentes,82857,
2016-9-01,patagonia,total,100195,
2017-1-01,patagonia,no residentes,100516,
2017-1-01,patagonia,residentes,367007,
2017-1-01,patagonia,total,467523,
2017-10-01,patagonia,no residentes,37842,
2017-10-01,patagonia,residentes,89705,
2017-10-01,patagonia,total,127547,
2017-11-01,patagonia,no residentes,75520,
2017-11-01,patagonia,residentes,78909,
2017-11-01,patagonia,total,154429,
2017-12-01,patagonia,no residentes,83082,
2017-12-01,patagonia,residentes,123617,
2017-12-01,patagonia,total,206699,
2017-2-01,patagonia,no residentes,81496,
2017-2-01,patagonia,residentes,256808,
2017-2-01,patagonia,total,338304,
2017-3-01,patagonia,no residentes,56693,
2017-3-01,patagonia,residentes,127823,
2017-3-01,patagonia,total,184516,
2017-4-01,patagonia,no residentes,31634,
2017-4-01,patagonia,residentes,78370,
2017-4-01,patagonia,total,110004,
2017-5-01,patagonia,no residentes,10978,
2017-5-01,patagonia,residentes,33709,
2017-5-01,patagonia,total,44687,
2017-6-01,patagonia,no residentes,8862,
2017-6-01,patagonia,residentes,26906,
2017-6-01,patagonia,total,35768,
2017-7-01,patagonia,no residentes,16403,
2017-7-01,patagonia,residentes,61844,
2017-7-01,patagonia,total,78247,
2017-8-01,patagonia,no residentes,14636,
2017-8-01,patagonia,residentes,53361,
2017-8-01,patagonia,total,67997,
2017-9-01,patagonia,no residentes,20257,
2017-9-01,patagonia,residentes,76698,
2017-9-01,patagonia,total,96955,
2018-1-01,patagonia,no residentes,103181,
2018-1-01,patagonia,residentes,337380,
2018-1-01,patagonia,total,440561,
2018-10-01,patagonia,no residentes,48773,
2018-10-01,patagonia,residentes,102958,
2018-10-01,patagonia,total,151731,
2018-11-01,patagonia,no residentes,92106,
2018-11-01,patagonia,residentes,89209,
2018-11-01,patagonia,total,181315,
2018-12-01,patagonia,no residentes,103055,
2018-12-01,patagonia,residentes,119127,
2018-12-01,patagonia,total,222182,
2018-2-01,patagonia,no residentes,86948,
2018-2-01,patagonia,residentes,230375,
2018-2-01,patagonia,total,317323,
2018-3-01,patagonia,no residentes,67454,
2018-3-01,patagonia,residentes,138147,
2018-3-01,patagonia,total,205601,
2018-4-01,patagonia,no residentes,29037,
2018-4-01,patagonia,residentes,87109,
2018-4-01,patagonia,total,116146,
2018-5-01,patagonia,no residentes,13145,
2018-5-01,patagonia,residentes,42971,
2018-5-01,patagonia,total,56116,
2018-6-01,patagonia,no residentes,7048,
2018-6-01,patagonia,residentes,31630,
2018-6-01,patagonia,total,38678,
2018-7-01,patagonia,no residentes,16277,
2018-7-01,patagonia,residentes,74115,
2018-7-01,patagonia,total,90392,
2018-8-01,patagonia,no residentes,18004,
2018-8-01,patagonia,residentes,61929,
2018-8-01,patagonia,total,79933,
2018-9-01,patagonia,no residentes,24591,
2018-9-01,patagonia,residentes,72220,
2018-9-01,patagonia,total,96811,
2019-1-01,patagonia,no residentes,127186,
2019-1-01,patagonia,residentes,267686,
2019-1-01,patagonia,total,394872,
2019-10-01,patagonia,no residentes,58208,
2019-10-01,patagonia,residentes,114129,
2019-10-01,patagonia,total,172337,
2019-11-01,patagonia,no residentes,106529,
2019-11-01,patagonia,residentes,114687,
2019-11-01,patagonia,total,221216,
2019-12-01,patagonia,no residentes,118670,
2019-12-01,patagonia,residentes,158734,
2019-12-01,patagonia,total,277404,
2019-2-01,patagonia,no residentes,110476,
2019-2-01,patagonia,residentes,197102,
2019-2-01,patagonia,total,307578,
2019-3-01,patagonia,no residentes,83570,
2019-3-01,patagonia,residentes,152137,
2019-3-01,patagonia,total,235707,
2019-4-01,patagonia,no residentes,46125,
2019-4-01,patagonia,residentes,95036,
2019-4-01,patagonia,total,141161,
2019-5-01,patagonia,no residentes,15565,
2019-5-01,patagonia,residentes,43785,
2019-5-01,patagonia,total,59350,
2019-6-01,patagonia,no residentes,12635,
2019-6-01,patagonia,residentes,44336,
2019-6-01,patagonia,total,56971,
2019-7-01,patagonia,no residentes,21503,
2019-7-01,patagonia,residentes,75263,
2019-7-01,patagonia,total,96766,
2019-8-01,patagonia,no residentes,22807,
2019-8-01,patagonia,residentes,63967,
2019-8-01,patagonia,total,86774,
2019-9-01,patagonia,no residentes,30775,
2019-9-01,patagonia,residentes,80557,
2019-9-01,patagonia,total,111332,
2020-1-01,patagonia,no residentes,140545,
2020-1-01,patagonia,residentes,386857,
2020-1-01,patagonia,total,527402,
2020-10-01,patagonia,no residentes,0,Emergencia sanitaria. Los Parques Nacionales se mantuvieron cerrados.
2020-10-01,patagonia,residentes,15461,Emergencia sanitaria. El Gobierno Nacional dispuso el aislamiento (o distanciamiento) social preventivo y obligatorio y restricciones a la circulacion de las personas por las fronteras del pais.
2020-10-01,patagonia,total,15461,Emergencia sanitaria
2020-11-01,patagonia,no residentes,0,Emergencia sanitaria. Los Parques Nacionales se mantuvieron cerrados.
2020-11-01,patagonia,residentes,23983,Emergencia sanitaria. El Gobierno Nacional dispuso el aislamiento (o distanciamiento) social preventivo y obligatorio y restricciones a la circulacion de las personas por las fronteras del pais.
2020-11-01,patagonia,total,23983,Emergencia sanitaria
2020-12-01,patagonia,no residentes,304,Emergencia sanitaria. Los Parques Nacionales se mantuvieron cerrados.
2020-12-01,patagonia,residentes,29665,Emergencia sanitaria. El Gobierno Nacional dispuso el aislamiento (o distanciamiento) social preventivo y obligatorio y restricciones a la circulacion de las personas por las fronteras del pais.
2020-12-01,patagonia,total,29969,Emergencia sanitaria
2020-2-01,patagonia,no residentes,125058,
2020-2-01,patagonia,residentes,259031,
2020-2-01,patagonia,total,384089,
2020-3-01,patagonia,no residentes,41476,
2020-3-01,patagonia,residentes,64984,
2020-3-01,patagonia,total,106459,
2020-4-01,patagonia,no residentes,0,
2020-4-01,patagonia,residentes,0,
2020-4-01,patagonia,total,0,
2020-5-01,patagonia,no residentes,0,
2020-5-01,patagonia,residentes,0,
2020-5-01,patagonia,total,0,
2020-6-01,patagonia,no residentes,0,
2020-6-01,patagonia,residentes,0,
2020-6-01,patagonia,total,0,
2020-7-01,patagonia,no residentes,0,
2020-7-01,patagonia,residentes,2282,
2020-7-01,patagonia,total,2282,
2020-8-01,patagonia,no residentes,0,
2020-8-01,patagonia,residentes,2744,
2020-8-01,patagonia,total,2744,
2020-9-01,patagonia,no residentes,0,
2020-9-01,patagonia,residentes,7977,
2020-9-01,patagonia,total,7977,
2021-1-01,patagonia,no residentes,211,
2021-1-01,patagonia,residentes,161922,
2021-1-01,patagonia,total,162133,
2021-10-01,patagonia,no residentes,332,Emergencia sanitaria. Los Parques Nacionales se mantuvieron cerrados.
2021-10-01,patagonia,residentes,127972,Emergencia sanitaria. El Gobierno Nacional dispuso el aislamiento (o distanciamiento) social preventivo y obligatorio y restricciones a la circulacion de las personas por las fronteras del pais. Los Parques Nacionales se mantuvieron cerrados del 22 al 30 de mayo (DI-2021-95-APN-DNO#APNAC).
2021-10-01,patagonia,total,128304,Emergencia sanitaria
2021-11-01,patagonia,no residentes,5163,Emergencia sanitaria. Los Parques Nacionales se mantuvieron cerrados.
2021-11-01,patagonia,residentes,138338,Emergencia sanitaria. El Gobierno Nacional dispuso el aislamiento (o distanciamiento) social preventivo y obligatorio y restricciones a la circulacion de las personas por las fronteras del pais. Los Parques Nacionales se mantuvieron cerrados del 22 al 30 de mayo (DI-2021-95-APN-DNO#APNAC).
2021-11-01,patagonia,total,143501,Emergencia sanitaria
2021-12-01,patagonia,no residentes,13542,Emergencia sanitaria. Los Parques Nacionales se mantuvieron cerrados.
2021-12-01,patagonia,residentes,151914,Emergencia sanitaria. El Gobierno Nacional dispuso el aislamiento (o distanciamiento) social preventivo y obligatorio y restricciones a la circulacion de las personas por las fronteras del pais. Los Parques Nacionales se mantuvieron cerrados del 22 al 30 de mayo (DI-2021-95-APN-DNO#APNAC).
2021-12-01,patagonia,total,165456,Emergencia sanitaria
2021-2-01,patagonia,no residentes,189,
2021-2-01,patagonia,residentes,160988,
2021-2-01,patagonia,total,161177,
2021-3-01,patagonia,no residentes,206,
2021-3-01,patagonia,residentes,123075,
2021-3-01,patagonia,total,123281,
2021-4-01,patagonia,no residentes,128,
2021-4-01,patagonia,residentes,60110,
2021-4-01,patagonia,total,60238,
2021-5-01,patagonia,no residentes,28,
2021-5-01,patagonia,residentes,15980,
2021-5-01,patagonia,total,16008,
2021-6-01,patagonia,no residentes,25,
2021-6-01,patagonia,residentes,10537,
2021-6-01,patagonia,total,10562,
2021-7-01,patagonia,no residentes,86,
2021-7-01,patagonia,residentes,55438,
2021-7-01,patagonia,total,55524,
2021-8-01,patagonia,no residentes,92,
2021-8-01,patagonia,residentes,58865,
2021-8-01,patagonia,total,58957,
2021-9-01,patagonia,no residentes,76,
2021-9-01,patagonia,residentes,90067,
2021-9-01,patagonia,total,90143,
2022-1-01,patagonia,no residentes,18658,
2022-1-01,patagonia,residentes,404055,
2022-1-01,patagonia,total,422713,
2022-10-01,patagonia,no residentes,38211,Emergencia sanitaria. Los Parques Nacionales se mantuvieron cerrados.
2022-10-01,patagonia,residentes,124830,Emergencia sanitaria. El Gobierno Nacional dispuso el aislamiento (o distanciamiento) social preventivo y obligatorio y restricciones a la circulacion de las personas por las fronteras del pais. Los Parques Nacionales se mantuvieron cerrados del 22 al 30 de mayo (DI-2021-95-APN-DNO#APNAC).
2022-10-01,patagonia,total,163041,Emergencia sanitaria
2022-11-01,patagonia,no residentes,63309,Emergencia sanitaria. Los Parques Nacionales se mantuvieron cerrados.
2022-11-01,patagonia,residentes,114321,Emergencia sanitaria. El Gobierno Nacional dispuso el aislamiento (o distanciamiento) social preventivo y obligatorio y restricciones a la circulacion de las personas por las fronteras del pais. Los Parques Nacionales se mantuvieron cerrados del 22 al 30 de mayo (DI-2021-95-APN-DNO#APNAC).
2022-11-01,patagonia,total,177630,Emergencia sanitaria
2022-12-01,patagonia,no residentes,73200,Emergencia sanitaria. Los Parques Nacionales se mantuvieron cerrados.
2022-12-01,patagonia,residentes,88790,Emergencia sanitaria. El Gobierno Nacional dispuso el aislamiento (o distanciamiento) social preventivo y obligatorio y restricciones a la circulacion de las personas por las fronteras del pais. Los Parques Nacionales se mantuvieron cerrados del 22 al 30 de mayo (DI-2021-95-APN-DNO#APNAC).
2022-12-01,patagonia,total,161990,Emergencia sanitaria
2022-2-01,patagonia,no residentes,16444,
2022-2-01,patagonia,residentes,336836,
2022-2-01,patagonia,total,353280,
2022-3-01,patagonia,no residentes,21855,
2022-3-01,patagonia,residentes,223878,
2022-3-01,patagonia,total,245733,
2022-4-01,patagonia,no residentes,22327,
2022-4-01,patagonia,residentes,136294,
2022-4-01,patagonia,total,158621,
2022-5-01,patagonia,no residentes,11724,
2022-5-01,patagonia,residentes,63302,
2022-5-01,patagonia,total,75026,
2022-6-01,patagonia,no residentes,11410,
2022-6-01,patagonia,residentes,53112,
2022-6-01,patagonia,total,64522,
2022-7-01,patagonia,no residentes,20057,
2022-7-01,patagonia,residentes,68302,
2022-7-01,patagonia,total,88359,
2022-8-01,patagonia,no residentes,18588,
2022-8-01,patagonia,residentes,61000,
2022-8-01,patagonia,total,79588,
2022-9-01,patagonia,no residentes,23200,
2022-9-01,patagonia,residentes,78376,
2022-9-01,patagonia,total,101576,
2023-1-01,patagonia,no residentes,100636,
2023-1-01,patagonia,residentes,293200,
2023-1-01,patagonia,total,393836,
2023-10-01,patagonia,no residentes,66704,Emergencia sanitaria. Los Parques Nacionales se mantuvieron cerrados.
2023-10-01,patagonia,residentes,115150,Emergencia sanitaria. El Gobierno Nacional dispuso el aislamiento (o distanciamiento) social preventivo y obligatorio y restricciones a la circulacion de las personas por las fronteras del pais. Los Parques Nacionales se mantuvieron cerrados del 22 al 30 de mayo (DI-2021-95-APN-DNO#APNAC).
2023-10-01,patagonia,total,181854,Emergencia sanitaria
2023-11-01,patagonia,no residentes,97554,Emergencia sanitaria. Los Parques Nacionales se mantuvieron cerrados.
2023-11-01,patagonia,residentes,87154,Emergencia sanitaria. El Gobierno Nacional dispuso el aislamiento (o distanciamiento) social preventivo y obligatorio y restricciones a la circulacion de las personas por las fronteras del pais. Los Parques Nacionales se mantuvieron cerrados del 22 al 30 de mayo (DI-2021-95-APN-DNO#APNAC).
2023-11-01,patagonia,total,184708,Emergencia sanitaria
2023-12-01,patagonia,no residentes,106555,
2023-12-01,patagonia,residentes,98597,
2023-12-01,patagonia,total,205152,
2023-2-01,patagonia,no residentes,90227,
2023-2-01,patagonia,residentes,217760,
2023-2-01,patagonia,total,307987,
2023-3-01,patagonia,no residentes,72371,
2023-3-01,patagonia,residentes,111857,
2023-3-01,patagonia,total,184228,
2023-4-01,patagonia,no residentes,54700,
2023-4-01,patagonia,residentes,97949,
2023-4-01,patagonia,total,152649,
2023-5-01,patagonia,no residentes,23903,
2023-5-01,patagonia,residentes,73914,
2023-5-01,patagonia,total,97817,
2023-6-01,patagonia,no residentes,22113,
2023-6-01,patagonia,residentes,78396,
2023-6-01,patagonia,total,100509,
2023-7-01,patagonia,no residentes,24750,
2023-7-01,patagonia,residentes,56543,
2023-7-01,patagonia,total,81293,
2023-8-01,patagonia,no residentes,34055,
2023-8-01,patagonia,residentes,50570,
2023-8-01,patagonia,total,84625,
2023-9-01,patagonia,no residentes,42399,
2023-9-01,patagonia,residentes,69055,
2023-9-01,patagonia,total,111454,
2024-1-01,patagonia,no residentes,144883,
2024-1-01,patagonia,residentes,196851,
2024-1-01,patagonia,total,341734,
2024-10-01,patagonia,no residentes,58772,
2024-10-01,patagonia,residentes,97365,
2024-10-01,patagonia,total,156137,"No se recibio información de visitas del PN Isla Pingüino
2024-11-01,patagonia,no residentes,79288,
2024-11-01,patagonia,residentes,73643,
2024-11-01,patagonia,total,152931,"No se recibio información de visitas del PN Isla Pingüino
2024-12-01,patagonia,no residentes,78696,
2024-12-01,patagonia,residentes,108962,
2024-12-01,patagonia,total,187658,"El PN Lago Puelo dejó de cobrar derechos de acceso desde el 2021
2024-2-01,patagonia,no residentes,132816,
2024-2-01,patagonia,residentes,140946,
2024-2-01,patagonia,total,273762,
2024-3-01,patagonia,no residentes,108202,
2024-3-01,patagonia,residentes,108306,
2024-3-01,patagonia,total,216508,
2024-4-01,patagonia,no residentes,53919,
2024-4-01,patagonia,residentes,61901,
2024-4-01,patagonia,total,115820,
2024-5-01,patagonia,no residentes,25595,
2024-5-01,patagonia,residentes,32716,
2024-5-01,patagonia,total,58311,
2024-6-01,patagonia,no residentes,20607,
2024-6-01,patagonia,residentes,38236,
2024-6-01,patagonia,total,58843,
2024-7-01,patagonia,no residentes,49574,
2024-7-01,patagonia,residentes,51915,
2024-7-01,patagonia,total,101489,
2024-8-01,patagonia,no residentes,34466,
2024-8-01,patagonia,residentes,37715,
2024-8-01,patagonia,total,72181,
2024-9-01,patagonia,no residentes,34733,
2024-9-01,patagonia,residentes,52505,
2024-9-01,patagonia,total,87238,
2025-1-01,patagonia,no residentes,107725,
2025-1-01,patagonia,residentes,243929,
2025-1-01,patagonia,total,351654,
2025-10-01,patagonia,no residentes,69819,
2025-10-01,patagonia,residentes,112166,
2025-10-01,patagonia,total,181985,
2025-11-01,patagonia,no residentes,101304,
2025-11-01,patagonia,residentes,101611,
2025-11-01,patagonia,total,202915,
2025-12-01,patagonia,no residentes,112301,
2025-12-01,patagonia,residentes,80511,
2025-12-01,patagonia,total,192812,
2025-2-01,patagonia,no residentes,91326,
2025-2-01,patagonia,residentes,156785,
2025-2-01,patagonia,total,248111,
2025-3-01,patagonia,no residentes,79179,
2025-3-01,patagonia,residentes,128244,
2025-3-01,patagonia,total,207423,
2025-4-01,patagonia,no residentes,36680,
2025-4-01,patagonia,residentes,72827,
2025-4-01,patagonia,total,109507,
2025-5-01,patagonia,no residentes,16041,
2025-5-01,patagonia,residentes,45531,
2025-5-01,patagonia,total,61572,
2025-6-01,patagonia,no residentes,16962,
2025-6-01,patagonia,residentes,39177,
2025-6-01,patagonia,total,56139,
2025-7-01,patagonia,no residentes,31576,
2025-7-01,patagonia,residentes,74422,
2025-7-01,patagonia,total,105998,
2025-8-01,patagonia,no residentes,33266,
2025-8-01,patagonia,residentes,62006,
2025-8-01,patagonia,total,95272,
2025-9-01,patagonia,no residentes,44184,
2025-9-01,patagonia,residentes,81807,
2025-9-01,patagonia,total,125991,
2026-1-01,patagonia,no residentes,125583,
2026-1-01,patagonia,residentes,209021,
2026-1-01,patagonia,total,334604,
2026-2-01,patagonia,no residentes,117126,
2026-2-01,patagonia,residentes,166725,
2026-2-01,patagonia,total,283851,
2026-3-01,patagonia,no residentes,99105,
2026-3-01,patagonia,residentes,100683,
2026-3-01,patagonia,total,199788,
2026-4-01,patagonia,no residentes,48167,
2026-4-01,patagonia,residentes,69084,
2026-4-01,patagonia,total,117251,
